{
  "perfect_score": {
    "font": "MonotypeCorsiva.ttf",
    "name_fs_px": 133,
    "body_fs_px": 55,
    "name_area": [
      440.27777777777777,
      625.8611467149523,
      1773.611111111111,
      765.7278272840712
    ],
    "month_area": [
      1367.703586154514,
      832.087877061632,
      1783.7031046549478,
      904.8184712727864
    ],
    "date_area": [
      252.86666022406683,
      1176.96779039171,
      1468.1654188368054,
      1235.3621588812935
    ],
    "date_line": [
      390.3333452012804,
      1238.2444593641492,
      716.8888515896267
    ],
    "months": {
      "January": {
        "month_fs": 55,
        "date_fs": 55
      },
      "February": {
        "month_fs": 55,
        "date_fs": 55
      },
      "March": {
        "month_fs": 55,
        "date_fs": 55
      },
      "April": {
        "month_fs": 55,
        "date_fs": 55
      },
      "May": {
        "month_fs": 55,
        "date_fs": 55
      },
      "June": {
        "month_fs": 55,
        "date_fs": 55
      },
      "July": {
        "month_fs": 55,
        "date_fs": 55
      },
      "August": {
        "month_fs": 55,
        "date_fs": 55
      },
      "September": {
        "month_fs": 55,
        "date_fs": 55
      },
      "October": {
        "month_fs": 55,
        "date_fs": 55
      },
      "November": {
        "month_fs": 55,
        "date_fs": 55
      },
      "December": {
        "month_fs": 55,
        "date_fs": 55
      }
    },
    "char_widths": {
      "a": 26,
      "b": 27,
      "c": 23,
      "d": 37,
      "e": 22,
      "f": 39,
      "g": 26,
      "h": 27,
      "i": 19,
      "j": 26,
      "k": 37,
      "l": 27,
      "m": 37,
      "n": 29,
      "o": 25,
      "p": 28,
      "q": 26,
      "r": 24,
      "s": 22,
      "t": 21,
      "u": 28,
      "v": 28,
      "w": 41,
      "x": 32,
      "y": 28,
      "z": 27,
      "A": 38,
      "B": 35,
      "C": 34,
      "D": 42,
      "E": 37,
      "F": 39,
      "G": 38,
      "H": 49,
      "I": 27,
      "J": 27,
      "K": 44,
      "L": 33,
      "M": 49,
      "N": 50,
      "O": 36,
      "P": 37,
      "Q": 45,
      "R": 45,
      "S": 30,
      "T": 41,
      "U": 44,
      "V": 45,
      "W": 57,
      "X": 42,
      "Y": 45,
      "Z": 37,
      "0": 28,
      "1": 24,
      "2": 27,
      "3": 25,
      "4": 27,
      "5": 29,
      "6": 30,
      "7": 31,
      "8": 28,
      "9": 27,
      " ": 12,
      "(": 27,
      ")": 22,
      "-": 18,
      ".": 12
    }
  },
  "honor_roll": {
    "font": "TrebuchetMS-Bold.ttf",
    "name_fs_px": 60,
    "body_fs_px": 60,
    "name_area": [
      358.1944359673394,
      711.1525641547308,
      1808.390638563368,
      780.1739162868923
    ],
    "month_area": [
      1341.8546888563367,
      928.8192749023438,
      1837.0768229166665,
      997.8406270345051
    ],
    "date_area": [
      807.2777642144097,
      1146.5414259168836,
      1359.420182969835,
      1215.5627780490452
    ],
    "date_line": null,
    "months": {
      "January": {
        "month_fs": 60,
        "date_fs": 60
      },
      "February": {
        "month_fs": 60,
        "date_fs": 60
      },
      "March": {
        "month_fs": 60,
        "date_fs": 60
      },
      "April": {
        "month_fs": 60,
        "date_fs": 60
      },
      "May": {
        "month_fs": 60,
        "date_fs": 60
      },
      "June": {
        "month_fs": 60,
        "date_fs": 60
      },
      "July": {
        "month_fs": 60,
        "date_fs": 60
      },
      "August": {
        "month_fs": 60,
        "date_fs": 60
      },
      "September": {
        "month_fs": 60,
        "date_fs": 60
      },
      "October": {
        "month_fs": 60,
        "date_fs": 60
      },
      "November": {
        "month_fs": 60,
        "date_fs": 60
      },
      "December": {
        "month_fs": 60,
        "date_fs": 60
      }
    },
    "char_widths": {
      "a": 32,
      "b": 35,
      "c": 31,
      "d": 35,
      "e": 34,
      "f": 24,
      "g": 30,
      "h": 36,
      "i": 18,
      "j": 23,
      "k": 33,
      "l": 18,
      "m": 52,
      "n": 35,
      "o": 34,
      "p": 35,
      "q": 35,
      "r": 26,
      "s": 26,
      "t": 24,
      "u": 35,
      "v": 32,
      "w": 47,
      "x": 33,
      "y": 32,
      "z": 32,
      "A": 38,
      "B": 36,
      "C": 37,
      "D": 39,
      "E": 34,
      "F": 35,
      "G": 40,
      "H": 41,
      "I": 17,
      "J": 32,
      "K": 38,
      "L": 33,
      "M": 45,
      "N": 40,
      "O": 42,
      "P": 35,
      "Q": 46,
      "R": 38,
      "S": 31,
      "T": 37,
      "U": 41,
      "V": 38,
      "W": 53,
      "X": 36,
      "Y": 37,
      "Z": 34,
      "0": 35,
      "1": 35,
      "2": 35,
      "3": 35,
      "4": 35,
      "5": 35,
      "6": 35,
      "7": 35,
      "8": 35,
      "9": 35,
      " ": 18,
      "(": 22,
      ")": 22,
      "-": 22,
      ".": 22
    }
  },
  "best_sr": {
    "font": "BaskOldFace.ttf",
    "name_fs_px": 44,
    "body_fs_px": 44,
    "name_area": [
      230.73334164089627,
      805.2643669976128,
      1186.9987487792969,
      849.597676595052
    ],
    "month_area": null,
    "date_area": [
      447.19445970323346,
      1059.5421685112847,
      923.6007690429688,
      1103.8754781087239
    ],
    "date_line": null,
    "months": {
      "January": {
        "date_fs": 44
      },
      "February": {
        "date_fs": 43
      },
      "March": {
        "date_fs": 44
      },
      "April": {
        "date_fs": 44
      },
      "May": {
        "date_fs": 44
      },
      "June": {
        "date_fs": 44
      },
      "July": {
        "date_fs": 44
      },
      "August": {
        "date_fs": 44
      },
      "September": {
        "date_fs": 41
      },
      "October": {
        "date_fs": 44
      },
      "November": {
        "date_fs": 41
      },
      "December": {
        "date_fs": 41
      }
    },
    "char_widths": {
      "a": 20,
      "b": 23,
      "c": 18,
      "d": 23,
      "e": 20,
      "f": 16,
      "g": 19,
      "h": 23,
      "i": 11,
      "j": 14,
      "k": 23,
      "l": 11,
      "m": 35,
      "n": 23,
      "o": 23,
      "p": 23,
      "q": 22,
      "r": 16,
      "s": 16,
      "t": 13,
      "u": 23,
      "v": 20,
      "w": 30,
      "x": 20,
      "y": 20,
      "z": 18,
      "A": 32,
      "B": 30,
      "C": 29,
      "D": 34,
      "E": 27,
      "F": 25,
      "G": 33,
      "H": 36,
      "I": 16,
      "J": 20,
      "K": 33,
      "L": 27,
      "M": 39,
      "N": 33,
      "O": 36,
      "P": 26,
      "Q": 36,
      "R": 29,
      "S": 23,
      "T": 31,
      "U": 33,
      "V": 32,
      "W": 48,
      "X": 32,
      "Y": 31,
      "Z": 27,
      "0": 22,
      "1": 22,
      "2": 22,
      "3": 22,
      "4": 22,
      "5": 22,
      "6": 22,
      "7": 22,
      "8": 22,
      "9": 22,
      " ": 11,
      "(": 13,
      ")": 13,
      "-": 11,
      ".": 11
    }
  }
}